Date Key,Date,Month,Year,Quarter
20260101,01-Jan-2026,January,2026,Q1-2026
20260108,08-Jan-2026,January,2026,Q1-2026
20260115,15-Jan-2026,January,2026,Q1-2026
20260122,22-Jan-2026,January,2026,Q1-2026
20260129,29-Jan-2026,January,2026,Q1-2026
20260205,05-Feb-2026,February,2026,Q1-2026
20260212,12-Feb-2026,February,2026,Q1-2026
20260219,19-Feb-2026,February,2026,Q1-2026
20260226,26-Feb-2026,February,2026,Q1-2026
20260305,05-Mar-2026,March,2026,Q1-2026
20260312,12-Mar-2026,March,2026,Q1-2026
20260319,19-Mar-2026,March,2026,Q1-2026
20260326,26-Mar-2026,March,2026,Q1-2026
20260402,02-Apr-2026,April,2026,Q2-2026
20260409,09-Apr-2026,April,2026,Q2-2026
20260416,16-Apr-2026,April,2026,Q2-2026
20260423,23-Apr-2026,April,2026,Q2-2026
20260430,30-Apr-2026,April,2026,Q2-2026
20260507,07-May-2026,May,2026,Q2-2026
20260514,14-May-2026,May,2026,Q2-2026
20260521,21-May-2026,May,2026,Q2-2026
20260528,28-May-2026,May,2026,Q2-2026
20260604,04-Jun-2026,June,2026,Q2-2026
20260611,11-Jun-2026,June,2026,Q2-2026
20260618,18-Jun-2026,June,2026,Q2-2026
